review_id	packet	kind	report	execution	agent	start_recorded_utc	end_recorded_utc
S01-P01-primary	S01-P01	primary	grades/business-S01-P01-primary.md	completed	/root/business_s01_p01_primary	2026-09-07T19:24:24.552828+00:00	2026-09-07T19:27:23.561614+00:00
S01-P01-second	S01-P01	second	grades/business-S01-P01-second.md	completed	/root/business_s01_p01_second	2026-09-07T19:24:24.977536+00:00	2026-09-07T19:35:40.922183+00:00
S01-P02-primary	S01-P02	primary	grades/business-S01-P02-primary.md	completed	/root/business_s01_p02_primary	2026-09-07T19:15:38.507135+00:00	2026-09-07T19:20:16.362104+00:00
S01-P03-primary	S01-P03	primary	grades/business-S01-P03-primary.md	completed	/root/business_s01_p03_primary	2026-09-07T19:24:25.383343+00:00	2026-09-07T19:35:40.922183+00:00
S03-P01-primary	S03-P01	primary	grades/business-S03-P01-primary.md	completed	/root/business_s03_p01_primary	2026-09-07T19:55:20.368508+00:00	2026-09-07T20:03:26.673955+00:00
S03-P01-second	S03-P01	second	grades/business-S03-P01-second.md	completed	/root/business_s03_p01_second	2026-09-07T19:55:20.787494+00:00	2026-09-07T20:03:26.673955+00:00
S03-P02-primary	S03-P02	primary	grades/business-S03-P02-primary.md	completed	/root/business_s03_p02_primary	2026-09-07T19:55:21.200270+00:00	2026-09-07T20:03:26.673955+00:00
S03-P03-primary	S03-P03	primary	grades/business-S03-P03-primary.md	completed	/root/business_s03_p03_primary	2026-09-07T19:43:19.281904+00:00	2026-09-07T19:50:19.350755+00:00
S05-P01-primary	S05-P01	primary	grades/business-S05-P01-primary.md	completed	/root/business_s05_p01_primary	2026-09-07T20:37:09.737077+00:00	2026-09-07T21:02:21.050494+00:00
S05-P01-second	S05-P01	second	grades/business-S05-P01-second.md	completed	/root/business_s05_p01_second	2026-09-07T20:37:10.139454+00:00	2026-09-07T21:02:21.050494+00:00
S05-P02-primary	S05-P02	primary	grades/business-S05-P02-primary.md	completed	/root/business_s05_p02_primary	2026-09-07T21:02:20.646382+00:00	2026-09-07T21:02:21.050494+00:00
S05-P03-primary	S05-P03	primary	grades/business-S05-P03-primary.md	completed	/root/business_s05_p03_primary	2026-09-07T20:31:40.397700+00:00	2026-09-07T21:02:21.050494+00:00
S06-P01-primary	S06-P01	primary	grades/business-S06-P01-primary.md	completed	/root/business_s06_p01_primary		2026-09-07T23:53:04.610924+00:00
S06-P01-second	S06-P01	second	grades/business-S06-P01-second.md	completed	/root/business_s06_p01_second		2026-09-07T23:53:04.610924+00:00
S06-P02-primary	S06-P02	primary	grades/business-S06-P02-primary.md	completed	/root/business_s06_p02_primary		
S06-P03-primary	S06-P03	primary	grades/business-S06-P03-primary.md	completed	/root/business_s06_p03_primary		2026-09-07T23:53:04.610924+00:00
S09-P01-primary	S09-P01	primary	grades/business-S09-P01-primary.md	completed	/root/business_s09_p01_primary	2026-09-08T00:17:16.590499+00:00	2026-09-08T00:25:02.695497+00:00
S09-P01-second	S09-P01	second	grades/business-S09-P01-second.md	not started			
S09-P02-primary	S09-P02	primary	grades/business-S09-P02-primary.md	not started			
S09-P03-primary	S09-P03	primary	grades/business-S09-P03-primary.md	not started			
S10-P01-primary	S10-P01	primary	grades/business-S10-P01-primary.md	not started			
S10-P01-second	S10-P01	second	grades/business-S10-P01-second.md	not started			
S10-P02-primary	S10-P02	primary	grades/business-S10-P02-primary.md	not started			
S10-P03-primary	S10-P03	primary	grades/business-S10-P03-primary.md	not started			
S03-P03-second	S03-P03	second	grades/business-S03-P03-second.md	completed	/root/business_s03_p03_second	2026-09-07T19:51:59.010435+00:00	2026-09-07T19:59:20.549757+00:00
S03-P02-second	S03-P02	second	grades/business-S03-P02-second.md	completed	/root/business_s03_p02_second	2026-09-07T20:07:04.062969+00:00	2026-09-07T20:14:01.108975+00:00
S05-P03-second	S05-P03	second	grades/business-S05-P03-second.md	completed	/root/business_s05_p03_second	2026-09-07T21:04:49.261295+00:00	2026-09-07T21:16:04.853805+00:00
S05-P02-second	S05-P02	second	grades/business-S05-P02-second.md	completed	/root/business_s05_p02_second	2026-09-07T21:04:49.705231+00:00	2026-09-07T21:17:04.702734+00:00
S06-P02-second	S06-P02	second	grades/business-S06-P02-second.md	completed	/root/business_s06_p02_second	2026-09-07T23:02:42.089753+00:00	2026-09-07T23:16:29.472953+00:00
S06-P03-second	S06-P03	second	grades/business-S06-P03-second.md	completed	/root/business_s06_p03_second	2026-09-07T23:58:16.372454+00:00	2026-09-08T00:09:24.137030+00:00
